[
  {
    "baseType": 3,
    "name": "Category",
    "defaultValue": "",
    "description": "The category of the TopDesk incident.",
    "helpText": "",
    "isSystem": false,
    "minLength": 0,
    "maxLength": 128,
    "validationRegex": "",
    "isValidate": false,
    "uuid": "343f70fc-dfda-4d32-982c-09352faedeec"
  },
  {
    "baseType": 3,
    "name": "Description",
    "defaultValue": "",
    "description": "",
    "helpText": "",
    "isSystem": false,
    "minLength": 0,
    "maxLength": 20000,
    "validationRegex": "",
    "isValidate": false,
    "uuid": "59afb8df-923f-47ba-b820-7d964c54034c"
  },
  {
    "baseType": 3,
    "name": "Operator Group",
    "defaultValue": "",
    "description": "",
    "helpText": "",
    "isSystem": false,
    "minLength": 0,
    "maxLength": 50,
    "validationRegex": "",
    "isValidate": false,
    "uuid": "5f26bd9d-e491-4b1b-8589-cade4af27220"
  },
  {
    "baseType": 3,
    "name": "Priority",
    "defaultValue": "",
    "description": "",
    "helpText": "",
    "isSystem": false,
    "minLength": 0,
    "maxLength": 40,
    "validationRegex": "",
    "isValidate": false,
    "uuid": "32e1d042-8a48-487c-966e-52523eaca416"
  },
  {
    "baseType": 3,
    "name": "Processing Status",
    "defaultValue": "",
    "description": "",
    "helpText": "",
    "isSystem": false,
    "minLength": 0,
    "maxLength": 50,
    "validationRegex": "",
    "isValidate": false,
    "uuid": "93b381be-4e86-4989-a370-6d8c5f6aeada"
  },
  {
    "baseType": 3,
    "name": "Subcategory",
    "defaultValue": "",
    "description": "The subcategory of the TopDesk incident.",
    "helpText": "",
    "isSystem": false,
    "minLength": 0,
    "maxLength": 180,
    "validationRegex": "",
    "isValidate": false,
    "uuid": "14477a76-f0a5-4679-a024-6e841d980225"
  },
  {
    "baseType": 3,
    "name": "Summary",
    "defaultValue": "",
    "description": "",
    "helpText": "",
    "isSystem": false,
    "minLength": 0,
    "maxLength": 100,
    "validationRegex": "",
    "isValidate": false,
    "uuid": "80606264-79e8-4293-b6ec-3bf53e167851"
  },
  {
    "baseType": 3,
    "name": "Ticket Number",
    "defaultValue": "",
    "description": "",
    "helpText": "",
    "isSystem": false,
    "minLength": 0,
    "maxLength": 30,
    "validationRegex": "",
    "isValidate": false,
    "uuid": "889b9a30-4f21-4072-8e76-8eb0fd01e79c"
  },
  {
    "baseType": 3,
    "name": "Ticket UNID",
    "defaultValue": "",
    "description": "",
    "helpText": "",
    "isSystem": false,
    "minLength": 0,
    "maxLength": 40,
    "validationRegex": "",
    "isValidate": false,
    "uuid": "0763748b-c291-45c7-9863-a16594975744"
  },
  {
    "baseType": 3,
    "name": "TopDesk Incident URL",
    "defaultValue": "",
    "description": "Stores the full URL to the TopDesk Incident associated with the message.",
    "helpText": "",
    "isSystem": false,
    "minLength": 0,
    "maxLength": 200,
    "validationRegex": "",
    "isValidate": false,
    "uuid": "322fd859-c915-4b2b-9cac-deb78cdf791a"
  }
]