{
  "name": "Incident Alerts",
  "form": "61e47a5e-ae79-490f-8b8f-78f47d456681",
  "blocks": [
    {
      "id": "a9d7e10e-c754-4921-94ac-b3a529b72d89",
      "label": "Acknowledge",
      "environment": "HOSTED",
      "presentation": "{}",
      "step": "241c6f23-beed-4e3d-a1fc-8bb1181a0036",
      "stepType": "INTEGRATION"
    },
    {
      "id": "b087b182-db0e-4a7a-8bd9-1ced5ef72e16",
      "label": "Complete",
      "environment": "HOSTED",
      "presentation": "{}",
      "step": "961a9e0c-4f8f-407f-8528-b20c8eb2b3f6",
      "stepType": "INTEGRATION"
    },
    {
      "id": "4467493e-641c-4530-9283-d27e6b8f6154",
      "label": "Escalate",
      "environment": "HOSTED",
      "presentation": "{}",
      "step": "fd04284c-2379-4370-b08e-bf25fb3e7d47",
      "stepType": "INTEGRATION"
    },
    {
      "id": "074883c9-426a-4c0e-ae79-52a35ba7f892",
      "label": "Get Events",
      "environment": "HOSTED",
      "presentation": "{\"w\":60,\"x\":170,\"h\":60,\"y\":384}",
      "step": "f36cf6ba-2225-5cb3-831f-030a05527c72",
      "stepType": "SCRIPT_STEP",
      "inputMappings": [
        {
          "inputPort": "input",
          "mapping": "ACTIVE",
          "stepInput": "fa86536b-3508-56de-884b-503596bd64c2"
        },
        {
          "inputPort": "input",
          "mapping": "Ticket UNID#en",
          "stepInput": "72cd05cc-dfe2-5933-b85c-edcf1df9f56f"
        },
        {
          "inputPort": "input",
          "mapping": "${ea5f7d47-f633-420b-8cc5-004c53a0d880.UNID}",
          "stepInput": "b58893a5-ffaf-502d-982b-613dcd7b2232"
        },
        {
          "inputPort": "input",
          "mapping": "TRUE",
          "stepInput": "3bb89cc9-b89f-5291-9c54-1da7bc6c051a"
        }
      ]
    },
    {
      "id": "dbc08832-19d6-48c8-af19-89b68dea4967",
      "label": "Incident Alerts - Event Comments",
      "environment": "HOSTED",
      "presentation": "{\"w\":60,\"x\":4,\"h\":60,\"y\":1204}",
      "step": "169673e1-1a2a-49a3-b65e-5ff0f559dad1",
      "stepType": "INTEGRATION"
    },
    {
      "id": "ea5f7d47-f633-420b-8cc5-004c53a0d880",
      "label": "Incident Alerts - TOPDesk New Incident",
      "environment": "HOSTED",
      "presentation": "{\"w\":60,\"x\":0,\"h\":60,\"y\":384}",
      "step": "a9f6ba9b-d7a0-4225-a4c5-6e404d8fc661",
      "stepType": "INTEGRATION"
    },
    {
      "id": "0aca62db-9be2-48da-8029-c28d28dae532",
      "label": "Number of events to terminate",
      "environment": "HOSTED",
      "presentation": "{\"w\":60,\"x\":340,\"h\":60,\"y\":235}",
      "stepType": "SWITCH",
      "inputMappings": [
        {
          "inputPort": "input",
          "mapping": "${074883c9-426a-4c0e-ae79-52a35ba7f892.Number of Event IDs Returned}"
        }
      ],
      "switchCases": [
        {
          "caseId": "f6c18917-3cbd-4c5c-859f-cc6917198fbf",
          "caseValue": "0"
        }
      ]
    },
    {
      "id": "2642d439-0911-424f-9afa-25810a99af7b",
      "label": "Responses",
      "environment": "HOSTED",
      "presentation": "{\"w\":100,\"x\":2,\"h\":50,\"y\":580}",
      "stepType": "RESPONSES"
    },
    {
      "id": "acc7c474-5a01-490b-a01d-cc91e1807f10",
      "endpoint": "TOPDesk App Key",
      "label": "TOPDesk: Add Action",
      "environment": "HOSTED",
      "presentation": "{\"w\":60,\"x\":297,\"h\":60,\"y\":1204}",
      "step": "e550ba12-2ee2-4570-b84b-5b2f4cb20df3",
      "stepType": "SCRIPT_STEP",
      "inputMappings": [
        {
          "inputPort": "input",
          "mapping": "${event.properties.Ticket UNID}",
          "stepInput": "b79cd915-ba4f-4b22-b412-52b611d3ec91"
        },
        {
          "inputPort": "input",
          "mapping": "${triggerOutputANNOTATION.annotation.author.firstName} ${triggerOutputANNOTATION.annotation.author.lastName} (${triggerOutputANNOTATION.annotation.author.targetName}) commented \"${triggerOutputANNOTATION.annotation.comment}\"",
          "stepInput": "c673619d-cd27-4821-a4a6-bc070e7ecb19"
        },
        {
          "inputPort": "input",
          "mapping": "true",
          "stepInput": "d7429408-39e2-406c-8ba6-ab27ea2b2d4c"
        }
      ]
    },
    {
      "id": "60ed64b5-d0cc-46dd-b304-48e38fc8755c",
      "endpoint": "TOPDesk App Key",
      "label": "TOPDesk: Add Action",
      "environment": "HOSTED",
      "presentation": "{\"w\":60,\"x\":1174,\"h\":60,\"y\":370}",
      "step": "e550ba12-2ee2-4570-b84b-5b2f4cb20df3",
      "stepType": "SCRIPT_STEP",
      "inputMappings": [
        {
          "inputPort": "input",
          "mapping": "${ea5f7d47-f633-420b-8cc5-004c53a0d880.UNID}",
          "stepInput": "b79cd915-ba4f-4b22-b412-52b611d3ec91"
        },
        {
          "inputPort": "input",
          "mapping": "xMatters event created targeting <b>${46d27a29-6907-4a0f-8721-b8d792b3368b.recipients}</b> (Event ${46d27a29-6907-4a0f-8721-b8d792b3368b.event.eventId}) <br><a href=\"https://${constants.xMatters Instance}/xmatters/app.do#EventDetailsMessagePlace:eventUuid=${46d27a29-6907-4a0f-8721-b8d792b3368b.event.id}\" >View in xMatters</a>",
          "stepInput": "c673619d-cd27-4821-a4a6-bc070e7ecb19"
        },
        {
          "inputPort": "input",
          "mapping": "true",
          "stepInput": "d7429408-39e2-406c-8ba6-ab27ea2b2d4c"
        }
      ]
    },
    {
      "id": "62c2d05e-dd83-4756-a001-fe90c5fa7a55",
      "endpoint": "TOPDesk App Key",
      "label": "TOPDesk: Add Action",
      "environment": "HOSTED",
      "presentation": "{\"w\":60,\"x\":299,\"h\":60,\"y\":892}",
      "step": "e550ba12-2ee2-4570-b84b-5b2f4cb20df3",
      "stepType": "SCRIPT_STEP",
      "inputMappings": [
        {
          "inputPort": "input",
          "mapping": "${event.properties.Ticket UNID}",
          "stepInput": "b79cd915-ba4f-4b22-b412-52b611d3ec91"
        },
        {
          "inputPort": "input",
          "mapping": "${triggerOutputRESPONSE.respondedTo.by.firstName} ${triggerOutputRESPONSE.respondedTo.by.lastName} (${triggerOutputRESPONSE.respondedTo.by.targetName}) responded ${triggerOutputRESPONSE.response.response}",
          "stepInput": "c673619d-cd27-4821-a4a6-bc070e7ecb19"
        },
        {
          "inputPort": "input",
          "mapping": "true",
          "stepInput": "d7429408-39e2-406c-8ba6-ab27ea2b2d4c"
        }
      ]
    },
    {
      "id": "d2d52001-3c75-431b-b4f0-e35350c11bd6",
      "endpoint": "TOPDesk App Key",
      "label": "TOPDesk: Update Incident",
      "environment": "HOSTED",
      "presentation": "{\"w\":60,\"x\":166,\"h\":60,\"y\":1047}",
      "step": "3b09ae40-1add-43c1-a948-feb8c13a78cc",
      "stepType": "SCRIPT_STEP",
      "inputMappings": [
        {
          "inputPort": "input",
          "mapping": "${event.properties.Ticket UNID}",
          "stepInput": "457bc7d3-7ee5-4efc-95c1-979bd8739dec"
        },
        {
          "inputPort": "input",
          "mapping": "Completed",
          "stepInput": "1de34a64-c63a-45be-929f-a64e2f4eb875"
        },
        {
          "inputPort": "input",
          "mapping": "Solved from best practice",
          "stepInput": "653c519b-e40b-48a1-838b-ecb6fdecd084"
        },
        {
          "inputPort": "input",
          "mapping": "false",
          "stepInput": "7b43db92-e482-44c1-b748-2eef1c8b8def"
        }
      ]
    },
    {
      "id": "df6aa626-ac33-476e-b7d2-2c9bf8221338",
      "endpoint": "TOPDesk App Key",
      "label": "TOPDesk: Update Incident",
      "environment": "HOSTED",
      "presentation": "{\"w\":60,\"x\":166,\"h\":60,\"y\":736}",
      "step": "3b09ae40-1add-43c1-a948-feb8c13a78cc",
      "stepType": "SCRIPT_STEP",
      "inputMappings": [
        {
          "inputPort": "input",
          "mapping": "${event.properties.Ticket UNID}",
          "stepInput": "457bc7d3-7ee5-4efc-95c1-979bd8739dec"
        },
        {
          "inputPort": "input",
          "mapping": "Acknowledged",
          "stepInput": "1de34a64-c63a-45be-929f-a64e2f4eb875"
        },
        {
          "inputPort": "input",
          "mapping": "${triggerOutputRESPONSE.respondedTo.by.targetName}",
          "stepInput": "dbe6c2c7-9756-4b89-9c8b-7c37f3dae782"
        },
        {
          "inputPort": "input",
          "mapping": "false",
          "stepInput": "7b43db92-e482-44c1-b748-2eef1c8b8def"
        }
      ]
    },
    {
      "id": "2153996d-d8a3-4f09-afb9-eac9903024a1",
      "label": "Terminate Events",
      "environment": "HOSTED",
      "presentation": "{\"w\":60,\"x\":517,\"h\":60,\"y\":520}",
      "step": "798e3053-b4b4-5e8c-ba84-8a11c3be6237",
      "stepType": "SCRIPT_STEP",
      "inputMappings": [
        {
          "inputPort": "input",
          "mapping": "${074883c9-426a-4c0e-ae79-52a35ba7f892.Event IDs}",
          "stepInput": "4fdf2591-4925-5682-8911-f0163d7f98dd"
        }
      ]
    },
    {
      "id": "ae2a5b5c-f4dd-4024-aa91-f23376a33787",
      "label": "Ticket Status",
      "environment": "HOSTED",
      "presentation": "{\"w\":60,\"x\":697,\"h\":60,\"y\":235}",
      "stepType": "SWITCH",
      "inputMappings": [
        {
          "inputPort": "input",
          "mapping": "${ea5f7d47-f633-420b-8cc5-004c53a0d880.Processing Status}"
        }
      ],
      "switchCases": [
        {
          "caseId": "b8631e19-cff6-4cb3-b2b2-08ba81b385ef",
          "caseValue": "New"
        },
        {
          "caseId": "bbfd9246-4137-4687-b99f-721e61db0834",
          "caseValue": "In progress"
        },
        {
          "caseId": "04994140-bace-495a-b4c0-1964f551d9c0",
          "caseValue": "Response received"
        }
      ]
    },
    {
      "id": "46d27a29-6907-4a0f-8721-b8d792b3368b",
      "label": "xMatters Create Event - Incident Alerts",
      "environment": "HOSTED",
      "presentation": "{\"w\":60,\"x\":994,\"h\":60,\"y\":370}",
      "step": "61e47a5e-ae79-490f-8b8f-78f47d456681",
      "stepType": "CREATE_EVENT",
      "inputMappings": [
        {
          "inputPort": "input",
          "mapping": "${ea5f7d47-f633-420b-8cc5-004c53a0d880.Operator}",
          "sectionItemKey": "recipients"
        },
        {
          "inputPort": "input",
          "mapping": "${ea5f7d47-f633-420b-8cc5-004c53a0d880.UNID}",
          "sectionItemKey": "0763748b-c291-45c7-9863-a16594975744"
        },
        {
          "inputPort": "input",
          "mapping": "${ea5f7d47-f633-420b-8cc5-004c53a0d880.Operator Group}",
          "sectionItemKey": "5f26bd9d-e491-4b1b-8589-cade4af27220"
        },
        {
          "inputPort": "input",
          "mapping": "${ea5f7d47-f633-420b-8cc5-004c53a0d880.Category}",
          "sectionItemKey": "343f70fc-dfda-4d32-982c-09352faedeec"
        },
        {
          "inputPort": "input",
          "mapping": "${ea5f7d47-f633-420b-8cc5-004c53a0d880.Brief Description}",
          "sectionItemKey": "59afb8df-923f-47ba-b820-7d964c54034c"
        },
        {
          "inputPort": "input",
          "mapping": "${ea5f7d47-f633-420b-8cc5-004c53a0d880.Ticket URL}",
          "sectionItemKey": "322fd859-c915-4b2b-9cac-deb78cdf791a"
        },
        {
          "inputPort": "input",
          "mapping": "${ea5f7d47-f633-420b-8cc5-004c53a0d880.Brief Description}",
          "sectionItemKey": "80606264-79e8-4293-b6ec-3bf53e167851"
        },
        {
          "inputPort": "input",
          "mapping": "${ea5f7d47-f633-420b-8cc5-004c53a0d880.Subcategory}",
          "sectionItemKey": "14477a76-f0a5-4679-a024-6e841d980225"
        },
        {
          "inputPort": "input",
          "mapping": "${ea5f7d47-f633-420b-8cc5-004c53a0d880.Processing Status}",
          "sectionItemKey": "93b381be-4e86-4989-a370-6d8c5f6aeada"
        },
        {
          "inputPort": "input",
          "mapping": "${ea5f7d47-f633-420b-8cc5-004c53a0d880.Priority}",
          "sectionItemKey": "32e1d042-8a48-487c-966e-52523eaca416"
        },
        {
          "inputPort": "input",
          "mapping": "${ea5f7d47-f633-420b-8cc5-004c53a0d880.Number}",
          "sectionItemKey": "889b9a30-4f21-4072-8e76-8eb0fd01e79c"
        }
      ]
    }
  ],
  "edges": [
    {
      "fromBlock": "a9d7e10e-c754-4921-94ac-b3a529b72d89",
      "fromPort": "output",
      "toBlock": "df6aa626-ac33-476e-b7d2-2c9bf8221338",
      "toPort": "input"
    },
    {
      "fromBlock": "ae2a5b5c-f4dd-4024-aa91-f23376a33787",
      "fromPort": "04994140-bace-495a-b4c0-1964f551d9c0",
      "toBlock": "46d27a29-6907-4a0f-8721-b8d792b3368b",
      "toPort": "input"
    },
    {
      "fromBlock": "ae2a5b5c-f4dd-4024-aa91-f23376a33787",
      "fromPort": "b8631e19-cff6-4cb3-b2b2-08ba81b385ef",
      "toBlock": "46d27a29-6907-4a0f-8721-b8d792b3368b",
      "toPort": "input"
    },
    {
      "fromBlock": "ae2a5b5c-f4dd-4024-aa91-f23376a33787",
      "fromPort": "bbfd9246-4137-4687-b99f-721e61db0834",
      "toBlock": "46d27a29-6907-4a0f-8721-b8d792b3368b",
      "toPort": "input"
    },
    {
      "fromBlock": "b087b182-db0e-4a7a-8bd9-1ced5ef72e16",
      "fromPort": "output",
      "toBlock": "d2d52001-3c75-431b-b4f0-e35350c11bd6",
      "toPort": "input"
    },
    {
      "fromBlock": "d2d52001-3c75-431b-b4f0-e35350c11bd6",
      "fromPort": "output",
      "toBlock": "62c2d05e-dd83-4756-a001-fe90c5fa7a55",
      "toPort": "input"
    },
    {
      "fromBlock": "dbc08832-19d6-48c8-af19-89b68dea4967",
      "fromPort": "output",
      "toBlock": "acc7c474-5a01-490b-a01d-cc91e1807f10",
      "toPort": "input"
    },
    {
      "fromBlock": "df6aa626-ac33-476e-b7d2-2c9bf8221338",
      "fromPort": "output",
      "toBlock": "62c2d05e-dd83-4756-a001-fe90c5fa7a55",
      "toPort": "input"
    },
    {
      "fromBlock": "ea5f7d47-f633-420b-8cc5-004c53a0d880",
      "fromPort": "output",
      "toBlock": "074883c9-426a-4c0e-ae79-52a35ba7f892",
      "toPort": "input"
    },
    {
      "fromBlock": "074883c9-426a-4c0e-ae79-52a35ba7f892",
      "fromPort": "output",
      "toBlock": "0aca62db-9be2-48da-8029-c28d28dae532",
      "toPort": "input"
    },
    {
      "fromBlock": "0aca62db-9be2-48da-8029-c28d28dae532",
      "fromPort": "f6c18917-3cbd-4c5c-859f-cc6917198fbf",
      "toBlock": "ae2a5b5c-f4dd-4024-aa91-f23376a33787",
      "toPort": "input"
    },
    {
      "fromBlock": "0aca62db-9be2-48da-8029-c28d28dae532",
      "fromPort": "output",
      "toBlock": "2153996d-d8a3-4f09-afb9-eac9903024a1",
      "toPort": "input"
    },
    {
      "fromBlock": "2153996d-d8a3-4f09-afb9-eac9903024a1",
      "fromPort": "output",
      "toBlock": "ae2a5b5c-f4dd-4024-aa91-f23376a33787",
      "toPort": "input"
    },
    {
      "fromBlock": "4467493e-641c-4530-9283-d27e6b8f6154",
      "fromPort": "output",
      "toBlock": "62c2d05e-dd83-4756-a001-fe90c5fa7a55",
      "toPort": "input"
    },
    {
      "fromBlock": "46d27a29-6907-4a0f-8721-b8d792b3368b",
      "fromPort": "output",
      "toBlock": "60ed64b5-d0cc-46dd-b304-48e38fc8755c",
      "toPort": "input"
    }
  ]
}