{
  "integrations": [
    {
      "id": "241c6f23-beed-4e3d-a1fc-8bb1181a0036",
      "name": "Incident Alerts - Acknowledge",
      "action": "RUN_SCRIPT",
      "type": "OUTBOUND_WEBHOOK",
      "triggeredBy": "RESPONSE",
      "responseChoice": "Acknowledge",
      "deployed": true,
      "form": "61e47a5e-ae79-490f-8b8f-78f47d456681",
      "environment": "HOSTED",
      "authType": "NONE",
      "createdBy": "FLOW"
    },
    {
      "id": "961a9e0c-4f8f-407f-8528-b20c8eb2b3f6",
      "name": "Incident Alerts - Complete",
      "action": "RUN_SCRIPT",
      "type": "OUTBOUND_WEBHOOK",
      "triggeredBy": "RESPONSE",
      "responseChoice": "Complete",
      "deployed": true,
      "form": "61e47a5e-ae79-490f-8b8f-78f47d456681",
      "environment": "HOSTED",
      "authType": "NONE",
      "createdBy": "FLOW"
    },
    {
      "id": "fd04284c-2379-4370-b08e-bf25fb3e7d47",
      "name": "Incident Alerts - Escalate",
      "action": "RUN_SCRIPT",
      "type": "OUTBOUND_WEBHOOK",
      "triggeredBy": "RESPONSE",
      "responseChoice": "Escalate",
      "deployed": true,
      "form": "61e47a5e-ae79-490f-8b8f-78f47d456681",
      "environment": "HOSTED",
      "authType": "NONE",
      "createdBy": "FLOW"
    },
    {
      "id": "169673e1-1a2a-49a3-b65e-5ff0f559dad1",
      "name": "Incident Alerts - Event Comments",
      "action": "RUN_SCRIPT",
      "type": "OUTBOUND_WEBHOOK",
      "triggeredBy": "ANNOTATION",
      "deployed": true,
      "form": "61e47a5e-ae79-490f-8b8f-78f47d456681",
      "environment": "HOSTED",
      "authType": "NONE",
      "createdBy": "FLOW"
    },
    {
      "id": "a9f6ba9b-d7a0-4225-a4c5-6e404d8fc661",
      "name": "Incident Alerts - TOPDesk New Incident",
      "action": "RUN_SCRIPT",
      "type": "INBOUND_WEBHOOK",
      "deployed": true,
      "form": "61e47a5e-ae79-490f-8b8f-78f47d456681",
      "environment": "HOSTED",
      "authType": "ANY",
      "createdBy": "FLOW",
      "integrationScriptStepUuid": "d61315b4-7f76-498c-9a5c-12e82aece720"
    }
  ],
  "endpoints": [
    {
      "name": "TOPDesk App Key",
      "baseUrl": "https://partnerships.topdesk.net",
      "type": "EXTERNAL",
      "authentication": "BASIC"
    },
    {
      "name": "TOPDesk no auth",
      "baseUrl": "https://partnerships.topdesk.net",
      "type": "EXTERNAL",
      "authentication": "NO_AUTH"
    }
  ],
  "constants": [
    {
      "name": "xMatters Instance",
      "value": "adamwatson.eu1.xmatters.com",
      "description": "Used to create links to xMatters events"
    }
  ]
}