[
  {
    "id": "e550ba12-2ee2-4570-b84b-5b2f4cb20df3",
    "name": "TOPDesk: Add Action",
    "description": "Add an Action comment to an existing ticket in TOPDesk using the incident's unique ID",
    "icon": "https://s3-xmatters-static.s3.amazonaws.com/null/customers/75dd3261-7042-4d60-a665-d20d4824754d/IMAGE__20200121145715838__TOPdesk-logo-crop.png",
    "script": "\nvar putRequest = http.request({\n\t'endpoint': 'TOPDesk',\n    'method': 'PUT',\n    'path': '/tas/api/incidents/id/' + input['Incident UNID'],\n    'headers': {\n        'Content-Type': 'application/json'\n    }\n});\n\nvar callerInVisible = (input['Visible to caller'].toLowerCase() != 'true');\nvar putData = {\n    \"action\":input['Action Text'],\n\t\"actionInvisibleForCaller\": callerInVisible\n};\n\n\nconsole.log(\n    'TOPDesk Add Action - Start'\n    +\"\\n\"+ 'Incident to update: ' + input['Incident UNID']\n    +\"\\n\"+ 'Action invisible to caller: ' + callerInVisible.toString()\n    +\"\\n\"+ 'Text: ' + input['Action Text']\n);\nconsole.log('TOPDesk Add Action - Connecting to top desk...');\n\nvar putResponse = putRequest.write(putData);\nif (putResponse.statusCode != 200 )  {\n\tconsole.log('TOPDesk Add Action - There was an error!');\n    //no way to salvage\n}\n\nconsole.log('TOPDesk Add Action - Complete');\n",
    "endpointAuthType": "BASIC",
    "endpointLabel": "TOPDesk",
    "allowedEnvironment": "HOSTED",
    "accessibleByAll": "NotShared",
    "scriptStepType": "USER",
    "inputs": [
      {
        "id": "b79cd915-ba4f-4b22-b412-52b611d3ec91",
        "name": "Incident UNID",
        "helpText": "The unique ID of the incident in TOPDesk to add the action to",
        "defaultValue": "",
        "multiline": false,
        "required": true,
        "maxLength": 2000,
        "minLength": 0,
        "position": 0
      },
      {
        "id": "c673619d-cd27-4821-a4a6-bc070e7ecb19",
        "name": "Action Text",
        "helpText": "Text to be shown in TOPDesk. The following html tags can be used to format the text: <i> <em> <b> <strong> <u> <a> <img> (BASE64-encoding. Max size 450x450 pix) <br> <p> <div>",
        "defaultValue": "",
        "multiline": true,
        "required": true,
        "maxLength": 200000,
        "minLength": 0,
        "position": 1
      },
      {
        "id": "d7429408-39e2-406c-8ba6-ab27ea2b2d4c",
        "name": "Visible to caller",
        "helpText": "Change to true to make the action visible to the caller in the ticket (false if anything but true)",
        "defaultValue": "false",
        "multiline": false,
        "required": false,
        "maxLength": 10,
        "minLength": 0,
        "position": 2
      }
    ],
    "outputs": [],
    "libraries": []
  },
  {
    "id": "d61315b4-7f76-498c-9a5c-12e82aece720",
    "name": "TOPDesk New Incident",
    "description": "Create something in TOPDesk to trigger this",
    "icon": "https://s3-xmatters-static.s3.amazonaws.com/null/customers/75dd3261-7042-4d60-a665-d20d4824754d/IMAGE__20200121145715838__TOPdesk-logo-crop.png",
    "script": "\r\n\r\n// read the JSON payload that is being passed into the call\r\nvar payload = JSON.parse(request.body);\r\n\r\n//each element of payload can be an output if the output exists on this step\r\nfor (var property in payload)  {\r\n    output[property] = payload[property];\r\n    console.log('TOPDesk Trigger: Received property \"' + property\r\n        + '\" as \"' + payload[property]\r\n        + '\" and set as step output.'\r\n        + ' If ' + property + ' is not already a step output add it to use it in your flow.'  );\r\n\r\n}\r\n\r\n//in the standard integration we pass the domain name of the topdesk instance and the UUID of the ticket\r\n//  if we have these then we can work out the deep link URL to the ticket\r\nif ( payload['TopDesk Domain'] && payload.UNID )  {\r\n    //we need the serialized id of the ticket which is the UUID with the '-' characters removed\r\n    var sanitizedUUID = payload.UNID.replace( /-/g, '');   //greedy replace '-' with nothing\r\n    output['Ticket URL'] = 'https://' + payload['TopDesk Domain'] + '/tas/public/contained/incidentpublic?unid=' + sanitizedUUID ;\r\n}\r\n",
    "allowedEnvironment": "HOSTED",
    "accessibleByAll": "NotShared",
    "triggerAuthType": "ALLOW_ALL",
    "scriptStepType": "CUSTOM_HTTP",
    "inputs": [],
    "outputs": [
      {
        "id": "75137b09-641f-4d27-97d1-273df3933685",
        "name": "Number",
        "position": 0
      },
      {
        "id": "3c2f003a-103f-4de8-a7b6-5a2b5fd817a8",
        "name": "UNID",
        "position": 1
      },
      {
        "id": "6639a970-c87e-413a-a5d4-6d5ed6ecf16a",
        "name": "Call Type",
        "position": 2
      },
      {
        "id": "297011c6-e90a-4ce9-853d-1e49e60f2e1d",
        "name": "Category",
        "position": 3
      },
      {
        "id": "16f5a716-8732-407a-8034-09b23213cf4f",
        "name": "Subcategory",
        "position": 4
      },
      {
        "id": "1c04faac-5d8c-499f-a89f-96627b854dbc",
        "name": "Processing Status",
        "position": 5
      },
      {
        "id": "bef11000-08b5-4abc-8a5c-371da2d9f437",
        "name": "Brief Description",
        "position": 6
      },
      {
        "id": "dd2535e5-b114-4e1f-a900-ca0ccb9ce5fe",
        "name": "Operator",
        "position": 7
      },
      {
        "id": "ab91d027-d7bb-4f8f-915b-754d0e946568",
        "name": "Operator Status",
        "position": 8
      },
      {
        "id": "09b3fe73-f89a-4cf3-8ba2-8ebb8e622a99",
        "name": "Operator ID",
        "position": 9
      },
      {
        "id": "45649e18-9fc7-4afa-b235-3c3f401871c8",
        "name": "Priority",
        "position": 10
      },
      {
        "id": "c149a17d-7981-4919-84ce-c0912283d772",
        "name": "Operator Group",
        "position": 11
      },
      {
        "id": "757ed174-dd92-4047-a668-882eb103aef4",
        "name": "Ticket URL",
        "position": 12
      }
    ],
    "libraries": []
  },
  {
    "id": "3b09ae40-1add-43c1-a948-feb8c13a78cc",
    "name": "TOPDesk: Update Incident",
    "description": "Update an existing Incident in TOPDesk using the incident's unique ID. Any inputs left blank will not updated in TOPDesk.",
    "icon": "https://s3-xmatters-static.s3.amazonaws.com/null/customers/75dd3261-7042-4d60-a665-d20d4824754d/IMAGE__20200121145715838__TOPdesk-logo-crop.png",
    "script": "\nvar putRequest = http.request({\n\t'endpoint': 'TOPDesk',\n    'method': 'PUT',\n    'path': '/tas/api/incidents/id/' + input['Incident UNID'],\n    'headers': {\n        'Content-Type': 'application/json'\n    }\n});\n\nconsole.log( 'TOPDesk Update Incident - Start' );\nconsole.log( '    Incident to update: ' + input['Incident UNID'] );\n\nvar putData = {};\n\n\nif ( input['Brief Description'] )  {\n    console.log( '    Setting brief description as: ' + input['Brief Description'] );\n    putData.briefDescription = input['Brief Description'];\n}\n\nif ( input['Processing Status'] )  {\n    console.log( '    Setting incident processing status as: ' + input['Processing Status'] );\n    putData.processingStatus = { 'name' : input['Processing Status'] } ;\n}\n\nif ( input['Operator Group'] )  {\n    var id = getListObjectID( 'groupName', input['Operator Group'], 'operatorgroups' );\n    if ( id )  {\n        console.log( '    Setting assigned operator group as: ' + id );\n        putData.operatorGroup = { 'id' : id };\n    } else {\n        console.log( '    Could not set assigned operator group with: ' + input['Operator Group'] );\n    }\n}\n\nif ( input['Operator'] )  {\n    var id = getListObjectID( 'loginName', input['Operator'], 'operators' );\n    if ( id )  {\n        console.log( '    Setting assigned operator as: ' + id );\n        putData.operator = { 'id' : id };\n    } else {\n        console.log( '    Could not set assigned operator with: ' + input['Operator'] );\n    }\n}\n\nif ( input['Impact'] )  {\n    console.log( '    Setting impact as: ' + input['Impact'] );\n    putData.impact = { 'name' : input['Impact'] } ;\n}\n\nif ( input['Urgency'] )  {\n    console.log( '    Setting urgency as: ' + input['Urgency'] );\n    putData.urgency = { 'name' : input['Urgency'] } ;\n}\n\nif ( input['Priority'] )  {\n    console.log( '    Setting priority as: ' + input['Priority'] );\n    putData.priority = { 'name' : input['Priority'] } ;\n}\n\n\nif ( input['Closure Code'] )  {\n    var id = getListObjectID( 'name', input['Closure Code'], 'incidents/closure_codes' );\n    if ( id )  {\n        console.log( '    Setting closure code as: ' + id );\n        putData.closureCode = { 'id' : id };\n    } else {\n        console.log( '    Could not set closure code with: ' + input['Closure Code'] );\n    }\n}\n\n\n\nconsole.log('TOPDesk Update Incident - Posting update to ticket ...');\n\nvar putResponse = putRequest.write(putData);\noutput['Status Code'] = putResponse.statusCode;\n\nif (putResponse.statusCode != 200 )  {\n    var errorMessage = JSON.parse( putResponse.body )[0].message;\n    output['Status Message'] = errorMessage ;\n    \n    if ( errorMessage == 'No fields changed' )  {\n        console.log('TOPDesk Update Incident - API errored as our request resaulted in no changes to the ticket, but this is ok');\n    } else if ( input['Continue if failed to update'] == 'true' )  {\n        console.log('TOPDesk Update Incident - There was an error updating the ticket!  Continue on error is true');\n    } else {\n        throw ('TOPDesk Update Incident - There was an error updating the ticket!  Continue on error is false');\n    }\n} else {\n    output['Status Message'] = 'Incident ' + input['Incident UNID'] + ' updated successfully';\n}\n\n\nconsole.log('TOPDesk Update Incident - Complete');\n\n\n\n/** getListObjectID  (xMatters Consulting)\n  * Use a get list API on TOPDesk to retreive a list of all the options for an object type and use it to\n  *   return the specific ID of an item matching with objectProperty and objectMatch.\n  * If two objects match will return the ID of the first match in the list\n  * \n  *   objectProperty:  The property within the objects we will use to match\n  *   objectMatch   :  The matching object with have this value in it's property named by objectProperty\n  *   listAPIpath   :  Path to the api that will retreive the list of this API type, like \"operatorgroups\".  Check for other get list of type APIs at https://developers.topdesk.com/explorer/?page=supporting-files\n  * \n  * Return on success: ID of the item named\n  * Return on fail   : null\n  * \n  * This function can be used against the newer APIs which honor pagination and a search query as well as\n  *   older API which fortunately just ignore all the parameters and return a full list.  So the search\n  *   makes the newer APIs much more efficient and doesn't hurt the old ones, the search through this list\n  *   is required for the old APIs and is an extra aide for the new ones.  The pagination is probably not\n  *   useful to either, but doesn't seem to hurt.\n  */\nfunction getListObjectID( objectProperty, objectMatch, listAPIpath)  {\n    console.log( '        Looking for ID object matching \"' + objectProperty \n        + '\" == \"' + objectMatch + '\" from API path ' + listAPIpath + ' ...' );\n    \n\n    var pageSize = 100;\n    \n    var pageStart = 0;\n    var pageNumber = 0;\n    var lastResponse = 206;\n    var objectList = [];\n\n    while ( lastResponse == 206 )  {   //response 206 meens there's anouther page to get\n        var getListRequest = http.request({\n        \t'endpoint': 'TOPDesk',\n            'method': 'GET',\n            'path': '/tas/api/' + listAPIpath\n                + '?page_size=' + pageSize\n                + '&start=' + pageStart\n                + '&query=' + encodeURIComponent( objectProperty ) + '==' + encodeURIComponent( objectMatch ) ,\n            'headers': {\n                'Content-Type': 'application/json'\n            }\n        });\n        var getListResponse = getListRequest.write();\n        \n        pageNumber++ ;\n        lastResponse = getListResponse.statusCode;\n        pageStart = pageStart + pageSize;\n    \n        if ( lastResponse != 200 && lastResponse != 206 )  {\n            console.log('TOPDesk Update Incident (getListObjectID) - There was an error getting list from ' + listAPIpath);\n            return null ;\n        }\n        \n        var thisPage = JSON.parse( getListResponse.body );\n        console.log('TOPDesk Update Incident (getListObjectID) - On \"listAPIpath\", at page ' + pageNumber + ' got code ' + lastResponse + ' and ' + thisPage.length + ' objects');\n        objectList = objectList.concat( thisPage );\n    }\n    \n    for ( var i = 0; i < objectList.length; i++ )  {\n        //console.log('list[i][objectProperty]:' + list[i][objectProperty] + ' objectMatch:' + objectMatch)\n        if ( objectList[i][objectProperty] == objectMatch )  {\n            return objectList[i].id;\n        }\n    }\n    \n    console.log('TOPDesk Update Incident (getListObjectID) - Did not find and object where \"' + objectProperty\n        + '\" matched \"' + objectMatch + '\" in the returned list');\n    return null ;\n    \n}\n\n\n",
    "endpointAuthType": "BASIC",
    "endpointLabel": "TOPDesk",
    "allowedEnvironment": "HOSTED",
    "accessibleByAll": "NotShared",
    "scriptStepType": "USER",
    "inputs": [
      {
        "id": "457bc7d3-7ee5-4efc-95c1-979bd8739dec",
        "name": "Incident UNID",
        "helpText": "The unique ID of the incident in TOPDesk to add the action to",
        "defaultValue": "",
        "multiline": false,
        "required": true,
        "maxLength": 2000,
        "minLength": 0,
        "position": 0
      },
      {
        "id": "1f2a47be-c9d2-44a9-951d-0416261ee67f",
        "name": "Brief Description",
        "helpText": "Replace the brief description of the incident {briefDescription}",
        "defaultValue": "",
        "multiline": false,
        "required": false,
        "maxLength": 2000,
        "minLength": 0,
        "position": 1
      },
      {
        "id": "1de34a64-c63a-45be-929f-a64e2f4eb875",
        "name": "Processing Status",
        "helpText": "Name of new status (like \"In progress\" or \"Acknowledged\") {processingStatus}",
        "defaultValue": "",
        "multiline": false,
        "required": false,
        "maxLength": 2000,
        "minLength": 0,
        "position": 2
      },
      {
        "id": "81d901c0-eb28-45ed-9d2a-cd0ad6c1efc0",
        "name": "Operator Group",
        "helpText": "Group Name of new assigned Operator Group {operatorGroup after lookup}",
        "defaultValue": "",
        "multiline": false,
        "required": false,
        "maxLength": 2000,
        "minLength": 0,
        "position": 3
      },
      {
        "id": "dbe6c2c7-9756-4b89-9c8b-7c37f3dae782",
        "name": "Operator",
        "helpText": "Login Name of new assigned Operator (case insensitive) {operator after lookup}",
        "defaultValue": "",
        "multiline": false,
        "required": false,
        "maxLength": 2000,
        "minLength": 0,
        "position": 4
      },
      {
        "id": "379e27a4-2aa7-4f74-a04e-751b493bf2cb",
        "name": "Impact",
        "helpText": "Name of new impact (like \"Individual\" or \"Organization\") {impact}",
        "defaultValue": "",
        "multiline": false,
        "required": false,
        "maxLength": 2000,
        "minLength": 0,
        "position": 5
      },
      {
        "id": "a9816dd2-7975-462c-aa76-d93744b74cef",
        "name": "Urgency",
        "helpText": "Name of new urgency (like \"Distruption\" or \"Medium\") {urgency}",
        "defaultValue": "",
        "multiline": false,
        "required": false,
        "maxLength": 2000,
        "minLength": 0,
        "position": 6
      },
      {
        "id": "f72ff0b8-a629-4957-a553-83a9990da5c8",
        "name": "Priority",
        "helpText": "Name of new priority (like \"P1\" or \"P3\") {priority}",
        "defaultValue": "",
        "multiline": false,
        "required": false,
        "maxLength": 2000,
        "minLength": 0,
        "position": 7
      },
      {
        "id": "653c519b-e40b-48a1-838b-ecb6fdecd084",
        "name": "Closure Code",
        "helpText": "Name of valid closure code to set {closureCode after lookup}",
        "defaultValue": "",
        "multiline": false,
        "required": false,
        "maxLength": 2000,
        "minLength": 0,
        "position": 8
      },
      {
        "id": "7b43db92-e482-44c1-b748-2eef1c8b8def",
        "name": "Continue if failed to update",
        "helpText": "If we fail to update the incident do we continue the flow [true] or stop processing [false] (false if anything but true)",
        "defaultValue": "false",
        "multiline": false,
        "required": false,
        "maxLength": 5,
        "minLength": 0,
        "position": 9
      }
    ],
    "outputs": [
      {
        "id": "722be6e0-e3c0-4430-81b9-d51e1a9cac11",
        "name": "Status Message",
        "position": 0
      },
      {
        "id": "fe79750c-3e31-439a-bd31-128e2cc9664f",
        "name": "Status Code",
        "position": 1
      }
    ],
    "libraries": []
  }
]